{
  "timestamp": "2025-12-21T12:33:08.722577",
  "baseline_evaluation_summary": {
    "standard_mode": {
      "precision": 0.38888888888888884,
      "recall": 0.7888888888888889,
      "relevance": 0.8108445008595785,
      "interpretation_score": 0.08333333333333333,
      "historical_context_score": 0.6666666666666666,
      "explanation_depth": 0.05555555555555555
    },
    "comprehensive_mode": {
      "precision": 0.38888888888888884,
      "recall": 0.7888888888888889,
      "relevance": 0.8199750284353892,
      "interpretation_score": 0.0,
      "historical_context_score": 0.5,
      "explanation_depth": 0.05555555555555555
    }
  },
  "interpretation_capabilities": {
    "capable": false,
    "average_score": 0.32155555555555554,
    "assessment_level": "needs_improvement"
  },
  "recommendations": [
    "Consider improving retrieval precision through better keyword boosting or re-ranking",
    "Improve quote interpretation by adding more analysis data to the dataset"
  ]
}