{
  "Standard Mode": {
    "average_metrics": {
      "precision": 0.38888888888888884,
      "recall": 0.7888888888888889,
      "relevance": 0.83634286125501,
      "hallucination": 0.28113207671165436,
      "response_time": 16.010360399882,
      "interpretation_score": 0.16666666666666666,
      "historical_context_score": 0.4444444444444444,
      "explanation_depth": 0.0,
      "thematic_analysis": 0.3333333333333333,
      "interpretation_quality": 0.0
    },
    "config": {
      "top_k": 3,
      "num_queries": 6,
      "successful_queries": 6,
      "include_analysis_metrics": true,
      "analysis_mode": null
    }
  },
  "Comprehensive Mode": {
    "average_metrics": {
      "precision": 0.38888888888888884,
      "recall": 0.7888888888888889,
      "relevance": 0.8091388766964277,
      "hallucination": 0.3217417897509698,
      "response_time": 17.348096172014873,
      "interpretation_score": 0.08333333333333333,
      "historical_context_score": 0.27777777777777773,
      "explanation_depth": 0.05555555555555555,
      "thematic_analysis": 0.08333333333333333,
      "interpretation_quality": 0.0
    },
    "config": {
      "top_k": 3,
      "num_queries": 6,
      "successful_queries": 6,
      "include_analysis_metrics": true,
      "analysis_mode": null
    }
  }
}