{
  "Standard Mode": {
    "average_metrics": {
      "precision": 0.38888888888888884,
      "recall": 0.7888888888888889,
      "relevance": 0.8016128142674764,
      "hallucination": 0.29103003972491465,
      "response_time": 15.27175466219584,
      "interpretation_score": 0.0,
      "historical_context_score": 0.38888888888888884,
      "explanation_depth": 0.0,
      "thematic_analysis": 0.25,
      "interpretation_quality": 0.0
    },
    "config": {
      "top_k": 3,
      "num_queries": 6,
      "successful_queries": 6,
      "include_analysis_metrics": true,
      "analysis_mode": null
    }
  },
  "Comprehensive Mode": {
    "average_metrics": {
      "precision": 0.38888888888888884,
      "recall": 0.7888888888888889,
      "relevance": 0.8124762127796809,
      "hallucination": 0.26368421992492047,
      "response_time": 34.81057413419088,
      "interpretation_score": 0.0,
      "historical_context_score": 0.38888888888888884,
      "explanation_depth": 0.0,
      "thematic_analysis": 0.16666666666666666,
      "interpretation_quality": 0.0
    },
    "config": {
      "top_k": 3,
      "num_queries": 6,
      "successful_queries": 6,
      "include_analysis_metrics": true,
      "analysis_mode": null
    }
  }
}