{
  "Basic Mode": {
    "average_metrics": {
      "precision": 0.38888888888888884,
      "recall": 0.7888888888888889,
      "relevance": 0.6872083246707916,
      "hallucination": 0.09999999999999999,
      "response_time": 35.79379884401957,
      "interpretation_score": 0.0,
      "historical_context_score": 0.16666666666666666,
      "explanation_depth": 0.1111111111111111,
      "thematic_analysis": 0.16666666666666666,
      "interpretation_quality": 0.0
    },
    "config": {
      "top_k": 3,
      "num_queries": 6,
      "successful_queries": 6,
      "include_analysis_metrics": true,
      "analysis_mode": null
    }
  },
  "Standard Mode": {
    "average_metrics": {
      "precision": 0.38888888888888884,
      "recall": 0.7888888888888889,
      "relevance": 0.603872815767924,
      "hallucination": 0.0,
      "response_time": 20.250993410746258,
      "interpretation_score": 0.0,
      "historical_context_score": 1.0,
      "explanation_depth": 0.05555555555555555,
      "thematic_analysis": 0.5833333333333334,
      "interpretation_quality": 0.0
    },
    "config": {
      "top_k": 3,
      "num_queries": 6,
      "successful_queries": 6,
      "include_analysis_metrics": true,
      "analysis_mode": null
    }
  },
  "Comprehensive Mode": {
    "average_metrics": {
      "precision": 0.38888888888888884,
      "recall": 0.7888888888888889,
      "relevance": 0.611847976843516,
      "hallucination": 0.0,
      "response_time": 26.49666718641917,
      "interpretation_score": 0.0,
      "historical_context_score": 1.0,
      "explanation_depth": 0.05555555555555555,
      "thematic_analysis": 0.4166666666666667,
      "interpretation_quality": 0.0
    },
    "config": {
      "top_k": 3,
      "num_queries": 6,
      "successful_queries": 6,
      "include_analysis_metrics": true,
      "analysis_mode": null
    }
  }
}