{
  "Standard Mode": {
    "average_metrics": {
      "precision": 0.38888888888888884,
      "recall": 0.7888888888888889,
      "relevance": 0.8341479599475861,
      "hallucination": 0.2196036975266443,
      "response_time": 20.499229431152344,
      "interpretation_score": 0.08333333333333333,
      "historical_context_score": 0.16666666666666666,
      "explanation_depth": 0.05555555555555555,
      "thematic_analysis": 0.16666666666666666,
      "interpretation_quality": 0.0
    },
    "config": {
      "top_k": 3,
      "num_queries": 6,
      "successful_queries": 6,
      "include_analysis_metrics": true,
      "analysis_mode": null
    }
  },
  "Comprehensive Mode": {
    "average_metrics": {
      "precision": 0.38888888888888884,
      "recall": 0.7888888888888889,
      "relevance": 0.8258504768212637,
      "hallucination": 0.2990316435700168,
      "response_time": 18.655951221783955,
      "interpretation_score": 0.0,
      "historical_context_score": 0.5555555555555555,
      "explanation_depth": 0.0,
      "thematic_analysis": 0.0,
      "interpretation_quality": 0.0
    },
    "config": {
      "top_k": 3,
      "num_queries": 6,
      "successful_queries": 6,
      "include_analysis_metrics": true,
      "analysis_mode": null
    }
  }
}